userId,passwd
1,tnK46Gf
2,VS0UAjPa74
3,ocJud6e5
4,ejUUiW
5,90fI1O
6,iW2Oog0y
7,Ulw6zS
8,o9uqW3
9,OUT6WDN
10,RM1ow3
11,LotX33
12,ubLkAgBluh
13,CXA8ENciiM
14,cRiNo1kZp
15,xG39q1Wz2zb
16,FbhEVIgnONkc
17,C2geQlCvF8ig
18,CccQkt
19,WjPJM0
20,cYkIZytP
21,KMxUn0hSW
22,cIbt00L
23,98K5ZU0
24,5G2289
25,a4dikUx1R3n
26,GM3UlPM
27,0pX6TPp6mJ1t
28,waUJ8z
29,gtSAynCzn
30,Xc2Zsailtr
31,rAMbbpL8qe4
32,DbrV4t
33,PYRDm4ab
34,f8P1UOmQUisR
35,AlosaVHkCE1Q
36,cUKUeP
37,4vAstMt8lX
38,f8UKMzmMXYi1
39,Ztb5lS
40,dYbmCv2xT5s
41,JOG3HnnJZ
42,VEgshYTdd
43,xH0STOTAjs
44,Tm0uH1lgK
45,j4pX9r
46,STWEIF
47,I92LS1z5YXn
48,T2LUKyzGyHyd
49,5Lxwukp
50,59HxdnQy4UU
51,RXrdrJvAjN
52,1wstzAJ
53,Zh7TthbWbk
54,QpAhnVs25zpf
55,dLXySVVarQp
56,yFF8V0obvXpE
57,P7BEzBVj
58,8dtFwt3RBS2
59,moD10O
60,W6bOM96IXD
61,9WZGBTez
62,j2GB01DLvwxE
63,VRaQkUzk4bVY
64,1mRx0gRiIurB
65,QtY2qJ9I
66,atZjvp
67,wHjjCkQ
68,GR7pO9W8LI
69,Ha3CYEwJ
70,B8LmLjdAb
71,LFIJywKp0
72,UmWrfTc
73,EG11ol
74,67ybfiYKhYQ
75,lSLi7oj
76,wOVoswlVK
77,lI4k4W
78,Wu0teLJyC2g
79,tFm8iUVc
80,W4KKDAkEYGV
81,57IcK4GNE
82,nOlPXQuNKT4
83,k4L6Cx395nT
84,IB2JQ2EhlmJJ
85,FBXp7oYl
86,AdaYOSLXL
87,6wiQBE
88,q6coMXTZicWC
89,hm1ayeBMj
90,jF5ck7Fs
91,B3WXjbB
92,Z4x2Izu
93,YiXMqE2W3hq
94,ggVSUmjt
95,wIkp0tnX
96,k9Tkwy3
97,Tf6xVV
98,d0OPbR3vSR
99,AXRXuTcNIGrk
100,aBzKB17zFJ
101,6b3rxy9
102,hhKNb1RI
103,Ryuzy70bAm
104,FNltjc7D
105,qAFvO2
106,yiLeIwpJXHa4
107,F0ryK5u
108,oIavuWYY
109,ZWbZTYnZ
110,8b65NkPrPd
111,cHAXGdf
112,w6jm3jEFc
113,M2OCEuC2
114,OWq6m4vKk
115,h4J147OakY5
116,2WydykWzcEsm
117,6iKgfdBrBk
118,4DHuFC9nWbrS
119,ZxwZkiSLW0o
120,wlEbeStDb
121,2L1B7g1
122,w7QJPir2f
123,Tfev8xN
124,RuAD55Xucrs
125,pvlWl5IhF
126,tm2kPP
127,SCzfWr40B
128,kemA31vRX82
129,PydQ4i6wJ
130,QOIJI102
131,gSFZwxZ33q
132,3RZxHww
133,NPi6kxM
134,w4Kfx3IZtOO8
135,ID4jUTdR
136,WHEd4IeIRrJ
137,Cz2Wz1F
138,s6ySRJ
139,NJS8yXhg3t2
140,JPjErSEoS
141,thxckS8XT
142,UPiNDMI
143,cOXT8K2
144,mlKagVDnnl
145,GsBJaJJ
146,9KHFFrEO
147,2Y6W1vFui
148,fCnbGz
149,JTRIJwoA3
150,ml1VLGxg0
151,Tr9o5DZxmo9K
152,kSrit4A5P2
153,NUyukiasF
154,rwQBjFc3
155,wU7GtLpqN
156,1xZ2vh0ZItWe
157,ogZDF5meXUzM
158,CWxgZbt
159,p7ilsfR
160,IkwpCGJuP
161,pwyf7L
162,Fl01VAkFEjM
163,gW7K6USeNPPB
164,piCWvEWPh0qH
165,Gxq9AF
166,oZJuaeNFD
167,OjtSLOi
168,o8Cp9YVWNbF
169,YWuw2TFk7U
170,mp3aVB0
171,FieB5gy
172,a2vdyJIr9fgN
173,yeEfj3wd3ocO
174,xalXpml
175,8ZEdyTJSVK
176,tqVNqf6RQE
177,aCAkeu
178,S5BvakUk
179,AdhPDQ3hmLKD
180,95kwFEH
181,CllQ1wQytDRg
182,pzhPxet
183,oZmKWBYtK
184,oLj0cVg5lQgw
185,MSOps5OogJJM
186,QbOi0deH2TuS
187,RSpJwupCU
188,hrUZWCqty
189,PoIiy1rjt7
190,qOHQow
191,8OSsrw
192,H6lp51Onko
193,Qa7UmKKFNA6
194,suUQHf3GK
195,dWkcWUtoMvz3
196,9aXfIUuTz9L
197,98tRnh8gD
198,xc3D4Y
199,e11HAlDWilJM
200,gedjvivR
201,IEzyuD8y8F
202,6LVz7BQaSax7
203,PD4UdvfP
204,GRlUvfkF8WLu
205,5QYmae
206,XdQdYVEI5v1
207,0JVwWiU
208,uhjFN29
209,soyFWY
210,Zenh2U3jY
211,iVAoUjwCe
212,Ue5W5fPqOJH
213,BUylqhX
214,YSH7M7w
215,yem6U95egw
216,G69esKB7pcv2
217,SOOVexrClVF
218,wtwuozI4C
219,4FD8n9gO
220,oC04tqiK1
221,yKkeYuPhX
222,aP2O6k
223,gENapRBPTctn
224,4ZAVke8QWgby
225,DaUM76EQOV2
226,yHfqPVFvW
227,53oYSg
228,uqI9ToZYb
229,DFsrK0ucY7u
230,IkNgxsw
231,l00pTJwjx6
232,8x1zCcMl
233,P96QpZed5s
234,A4naaKBWn
235,lU6uhESaylTM
236,xnkiZyFhR
237,2pKq423
238,U2D1q8
239,AaII5X
240,JobESOAp2ksZ
241,Uyy6t4
242,ioPBV9tkwRY
243,tDIsxuqigIh0
244,cBJeOYhSs
245,cA5xvJ
246,SXLxXI3sf
247,J8RYPWclYOW
248,TKlJBigrJ4k
249,Dx1JbqlCM8
250,h0lG9gvR
251,DZ7PXYEs08D
252,r7pX6Y
253,8E1pu5
254,5Lk31Dk5mP
255,UyJM5q1
256,f0htUk6p
257,Q4g2Zt8725
258,hhSqCCXqN8
259,YhOsO9IJ
260,YCDBEDgrF
261,MWqjoDoal
262,RryWTtD8PN6
263,wrwrDrTn7BF
264,oWLTyxc5I
265,tyPdiwH1
266,h7DHHQoD
267,hNsAcvMVnhE
268,bz7hsCYi
269,oPtudy
270,OHc5czx58l5i
271,J1G8VQhUl
272,UHkRDj51G
273,VWuwqULRVfR
274,gKHKFaab
275,RFmRgJMKYJ1n
276,fgegoIPnlu
277,OuLFogEdh
278,ucpXbfDT1w
279,oSYBuqN
280,KmUrzqMT25Y
281,psMizz
282,dxTXnq4q
283,0Nwxq5CGFj
284,ivuVDM2Yj
285,zDtLVzbsuE9j
286,i6pOFN9WF74
287,0onWiyfw0
288,lrKWHS
289,BrgxzG
290,wKiQVuc37K3S
291,gipNIrq
292,VDyPzRsLEcPZ
293,1agB6Ghr
294,AAiZtUMQBq6
295,D6pA74
296,Hcl4F0N3JlHT
297,bAfPn7vT
298,m2KODx1Dvh
299,CES1aLama9y
300,M6742QkUrtN
301,bJ82b6XQ
302,nX2RHsNwV1S
303,rjokdGV7aQ
304,4hz39RYc
305,ZC4dKdxP
306,SNe5rtpCX
307,3WG29sRVn
308,0GXKGGaoCTa
309,RMKFJ0hsvEuc
310,VTkhxU
311,rw3502
312,FtDTTJTM
313,OWfvKE2jOvF0
314,RiH1653Wb3
315,uxVrGaaozw9
316,BbGSDv
317,a275aK34
318,oCNy4tvfGg
319,gct04IRmXb
320,48Ri9IB4
321,gMtZ6Qj
322,838hSdqyYt
323,ktQcODm
324,PpoELjVsPm
325,YaT5BgrlwZq
326,pv60A8mQr2ax
327,84MyI1O
328,jbGufg
329,ltSH72oVY36O
330,m5Puf4ol09
331,mWrAugni
332,juTZBTem8N
333,BndkFP
334,l7bQyZemvC
335,utO0Gfy67z
336,O4CDcuAh8w
337,Fi5WaUtXa6w
338,gkUQ6WTL
339,jiWbgXLG
340,A1dDwF
341,A0xdNVPW7sXK
342,aY8GIdElMb1
343,ZipKygP
344,8HqEUPz57
345,mjejEckR
346,BtwJKm
347,nwAvuJGM
348,TkxAoCKocZg
349,Nv5zdEZLld9V
350,szoARnYrDVw
351,EQ3Xr1Py
352,mnpx2F
353,0Dq8mwFzbiIx
354,gCoh5q
355,oCLCkKaj
356,EpYraR
357,s5nbY0
358,tq0Y1nO9t1
359,EAyV2umZg
360,IQFUr45M
361,pksmaXtL
362,FRM2TiPKQ
363,8hkcD3EpI
364,Lr3eX9
365,pK6Q5ab
366,KjveCOAeNKx
367,Og5GExO
368,ApaNb4DA9d1
369,iQ6oNE7
370,VcmeTkVa7WE
371,eEMANLpMblz5
372,Www8pO94TMN
373,FvMCgbu9
374,v9sh7f29B
375,3OUKVcO
376,VBJmaNm
377,kKTHPC9
378,HrbBFO
379,1gRGIcy
380,jaMUAM
381,8TtJOQ6
382,1ddOgNl1OhF
383,pL5TB7MMf3
384,8D0va2mLT
385,WTLJQfGb7
386,yNGU5BzGS
387,yJJyLL5R
388,jnBUSJJ
389,EsBYD6QprY9
390,zkqsZfcwHRl
391,d7Qv5z7
392,kCD2IM9JVQ
393,z02lDicOm
394,fJn9vIxL
395,Y1Kwgoe
396,hGQDxwZx7a8
397,mRSJAuAut
398,ZyZYFV
399,9fpAU6wizwF
400,S6KFSmhnD
401,FtQqNiW6PK
402,uU612T
403,I0meFAa
404,SiRuTa6Gxbkt
405,rVcC4q50COQ
406,VFEHMUVw
407,9AQpFmA0
408,pgYUxtrV
409,8xXlpXFAvrMa
410,DvkbqTmyNdLg
411,VhdEAQ
412,ub4OVy0
413,mSxOHKTO
414,Xi9dPNpag
415,1YzHopZ
416,1Oc2PHQu
417,HXERBhuOdyfq
418,32RpzWb
419,8ZTh2VUz
420,YEUWtCyrU
421,SD0QOcl
422,2ZfNww
423,cQVNSq2lt
424,Wzh7t8SijNu
425,x11jueqnHgi1
426,qw9h3RNF6d3z
427,9RDc9wLNfB7H
428,MA1YH6jmN
429,N0EZh18q3PD
430,qlz1dKOEVD
431,lM9O9FDd
432,M3ErsO
433,niFy6RvaxG
434,G0zNwi3FdlZ2
435,DgRkPnt4ELL7
436,c1VnTUpunBI
437,VW7XNN0Ne
438,PKvbYH
439,u2CzqoEO
440,L2Lqgp
441,bCFZTbC
442,GouIGVzDhM
443,1Zl2ZKzf
444,5heHNLBH
445,37hXkUKTt
446,DVySr1Ds4R
447,5QBCdUMA8BD
448,nKrdgWHJ
449,FhaqOh
450,GeePSeXXsw
451,lwDM8E9A
452,vW7QgcrSiMTQ
453,aWCFfzm
454,iH5lGZ8ha
455,hy8b7l24
456,9lSogHSz
457,Ip1CujwZX
458,fPtGpklIXaC
459,o3Z6JBOQyk
460,qm8Nq8dX5v
461,4bpjULV4J
462,NxlcMr8TR
463,5Jnz8h
464,6spihaA7
465,4vCndnyd
466,XLgU6wNrmy
467,sHHfuqxLGO
468,WeW8TO41bvjF
469,lhQphxHaGQ
470,9ZURI5
471,P2gbBSRKGCFy
472,ljKoPD
473,ECmuIbY
474,zzo0haepe
475,QJdKbEiI
476,fGPnhMq8
477,7Gq6K4po5EE6
478,gkfQQy4LW
479,sv9o28d
480,xDo7sM
481,CRr6gs7LiBE
482,562kFV6Z4Y7U
483,Ds9odZ
484,qCppwlC
485,j2jWJjbwZIO
486,qgxg7ivflO
487,aCn5Rto2
488,XC46TKrcnt
489,tkHjhVwMCVHk
490,bhBn1gv
491,ehyhWwv0jtB4
492,qhYTAYVWF
493,RochZqV4hG
494,o5KVuQRSvgPU
495,iAlE0LH4aep1
496,sIBFMH
497,wYJ4hk12x
498,c4w4MB9obn7
499,lb17xV1pT
500,DR6d5h
501,rjMHqwQW
502,UHXgGsBcGM07
503,P6RjoSglWrdO
504,Yqs7By1
505,MUmfX2
506,xFX6bJWr
507,e6yTDjDye
508,RtgDf5RJj
509,dVhSjB
510,dqMQ3UkNQs
511,PXlVip
512,skSjoQtv
513,6JERXYxKR0
514,Mtpthb
515,Emm60iB
516,k0h3Jpa
517,Y99QO4KDypN
518,sDUyVxRFC
519,VBN5d8q
520,ARdJl8ttc
521,GoikDQO3el
522,d8glSLPMWt1q
523,n3N9E0SQc
524,o1TGBHx
525,D5E4Y1
526,9LhYRa
527,Yh6JdCO2v
528,Cs3visJX
529,ddCyKZ
530,ap0FC3DUY2nZ
531,QyatXCC
532,bX3njtZC5
533,ADtxygs8
534,oRQxOF
535,UE3CpIfz
536,AZHbglXgHEBE
537,1lJN77XCmbd
538,Sy3REtAxHi7
539,Wfs6qOabbYn
540,Oi1W4rWcO
541,bQcEpnp
542,IHGEJi
543,hAtSlv2
544,gkc9SLhV77Q
545,UEVWsQlbRY
546,c3LJA1hwX
547,2Pc609F8I03
548,ch5xkorDXs
549,7vTRTjYrk3N
550,wZ3dCaS36G
551,ZQ1NVYLCJjk9
552,SOj09u0ED6
553,4nOFJzbrc8Qe
554,XmpRiyMD
555,d5Rh2ZLI
556,pvNuxUCdF2d
557,UqQuGnV
558,ENz1RQV3
559,mv7N96kvL
560,oezYtIVY
561,gCDPAq0
562,NpkURRu2YDi
563,UMlOamz
564,ss7T7aF
565,HufpKQfgNt1l
566,qknWkNLRqE
567,4C7iBv3JOGs
568,mKaiMThEoWX9
569,Gm5Tt6
570,2XMz2P
571,EjIltvj1bO0C
572,t5QbjcRZ
573,W5bZu6WP
574,tCTI4u
575,4ea7NPm6c
576,L4dxHreQRZK
577,JjzECh5
578,WwVq4EW
579,pQz6n8fdzs
580,QnnxVgr
581,bWUpIQQ8
582,TnvvLBVzT0
583,P6vV3bwz5e
584,KaKvnKV8UYPF
585,Wwao5HVTxmf6
586,qWbQrBBK
587,yXDDpL1
588,WFSEyWkPf3
589,nm9agXWSaPc5
590,VzH16yjr
591,O5vLJNe
592,oZzdm3cbDmEy
593,Ja2lBgpKQZ
594,ag8vO5
595,HGy78bbFcMx
596,pfbzbP9yi
597,QrtGoW
598,El96ByoPKr
599,fFnHAG0LojF
600,VO7K2rv8c
601,91FltKhPUB
602,7BJItPeASl
603,pnrc99WBYU
604,CPDlGE4
605,I2wsM1fp5
606,xnsCAQ
607,hIbHxp5d
608,o0zBwsFPb23
609,hyVXoebo4jC
610,TqKue3lbrCO1
